<?xml version="1.0" encoding="UTF-8"?>
<project-private xmlns="http://www.netbeans.org/ns/project-private/1">
    <editor-bookmarks xmlns="http://www.netbeans.org/ns/editor-bookmarks/2" lastBookmarkId="0"/>
    <open-files xmlns="http://www.netbeans.org/ns/projectui-open-files/2">
        <group>
            <file>file:/C:/Users/irede/OneDrive/Documentos/NetBeansProjects/CaCProyectoJava/web/index.html</file>
            <file>file:/C:/Users/irede/OneDrive/Documentos/NetBeansProjects/CaCProyectoJava/web/pedido.html</file>
            <file>file:/C:/Users/irede/OneDrive/Documentos/NetBeansProjects/CaCProyectoJava/web/login.html</file>
            <file>file:/C:/Users/irede/OneDrive/Documentos/NetBeansProjects/CaCProyectoJava/web/css/estilos.css</file>
            <file>file:/C:/Users/irede/OneDrive/Documentos/NetBeansProjects/CaCProyectoJava/src/java/checkuser.java</file>
            <file>file:/C:/Users/irede/OneDrive/Documentos/NetBeansProjects/CaCProyectoJava/src/java/Persistencia.java</file>
        </group>
    </open-files>
</project-private>
